{"name":null,"assets":"aoy4:sizei66857y4:typey5:MUSICy2:idy59:assets%2Fweek7%2Fsounds%2FjeffGameover%2FjeffGameover-1.mp3y9:pathGroupaR4hy7:preloadtgoR0i50955R1R2R3y60:assets%2Fweek7%2Fsounds%2FjeffGameover%2FjeffGameover-10.mp3R5aR7hR6tgoR0i72883R1R2R3y60:assets%2Fweek7%2Fsounds%2FjeffGameover%2FjeffGameover-11.mp3R5aR8hR6tgoR0i40694R1R2R3y60:assets%2Fweek7%2Fsounds%2FjeffGameover%2FjeffGameover-12.mp3R5aR9hR6tgoR0i106166R1R2R3y60:assets%2Fweek7%2Fsounds%2FjeffGameover%2FjeffGameover-13.mp3R5aR10hR6tgoR0i56160R1R2R3y60:assets%2Fweek7%2Fsounds%2FjeffGameover%2FjeffGameover-14.mp3R5aR11hR6tgoR0i65167R1R2R3y60:assets%2Fweek7%2Fsounds%2FjeffGameover%2FjeffGameover-15.mp3R5aR12hR6tgoR0i26593R1R2R3y60:assets%2Fweek7%2Fsounds%2FjeffGameover%2FjeffGameover-16.mp3R5aR13hR6tgoR0i59393R1R2R3y60:assets%2Fweek7%2Fsounds%2FjeffGameover%2FjeffGameover-17.mp3R5aR14hR6tgoR0i95792R1R2R3y60:assets%2Fweek7%2Fsounds%2FjeffGameover%2FjeffGameover-18.mp3R5aR15hR6tgoR0i68103R1R2R3y60:assets%2Fweek7%2Fsounds%2FjeffGameover%2FjeffGameover-19.mp3R5aR16hR6tgoR0i69808R1R2R3y59:assets%2Fweek7%2Fsounds%2FjeffGameover%2FjeffGameover-2.mp3R5aR17hR6tgoR0i80735R1R2R3y60:assets%2Fweek7%2Fsounds%2FjeffGameover%2FjeffGameover-20.mp3R5aR18hR6tgoR0i41325R1R2R3y60:assets%2Fweek7%2Fsounds%2FjeffGameover%2FjeffGameover-21.mp3R5aR19hR6tgoR0i62399R1R2R3y60:assets%2Fweek7%2Fsounds%2FjeffGameover%2FjeffGameover-22.mp3R5aR20hR6tgoR0i51085R1R2R3y60:assets%2Fweek7%2Fsounds%2FjeffGameover%2FjeffGameover-23.mp3R5aR21hR6tgoR0i55041R1R2R3y60:assets%2Fweek7%2Fsounds%2FjeffGameover%2FjeffGameover-24.mp3R5aR22hR6tgoR0i105326R1R2R3y60:assets%2Fweek7%2Fsounds%2FjeffGameover%2FjeffGameover-25.mp3R5aR23hR6tgoR0i68342R1R2R3y59:assets%2Fweek7%2Fsounds%2FjeffGameover%2FjeffGameover-3.mp3R5aR24hR6tgoR0i74720R1R2R3y59:assets%2Fweek7%2Fsounds%2FjeffGameover%2FjeffGameover-4.mp3R5aR25hR6tgoR0i51076R1R2R3y59:assets%2Fweek7%2Fsounds%2FjeffGameover%2FjeffGameover-5.mp3R5aR26hR6tgoR0i50948R1R2R3y59:assets%2Fweek7%2Fsounds%2FjeffGameover%2FjeffGameover-6.mp3R5aR27hR6tgoR0i60858R1R2R3y59:assets%2Fweek7%2Fsounds%2FjeffGameover%2FjeffGameover-7.mp3R5aR28hR6tgoR0i53059R1R2R3y59:assets%2Fweek7%2Fsounds%2FjeffGameover%2FjeffGameover-8.mp3R5aR29hR6tgoR0i47561R1R2R3y59:assets%2Fweek7%2Fsounds%2FjeffGameover%2FjeffGameover-9.mp3R5aR30hR6tgoR0i306672R1R2R3y42:assets%2Fweek7%2Fvideos%2FgunsCutscene.mp3R5aR31hR6tgoy4:pathy42:assets%2Fweek7%2Fvideos%2FgunsCutscene.txtR0i3R1y4:TEXTR3R33R6tgoR32y43:assets%2Fweek7%2Fvideos%2FgunsCutscene.webmR0i2472019R1y6:BINARYR3R35R6tgoR0i307450R1R2R3y47:assets%2Fweek7%2Fvideos%2FgunsCutsceneCLEAN.mp3R5aR37hR6tgoR32y47:assets%2Fweek7%2Fvideos%2FgunsCutsceneCLEAN.txtR0i3R1R34R3R38R6tgoR32y48:assets%2Fweek7%2Fvideos%2FgunsCutsceneCLEAN.webmR0i2546925R1R36R3R39R6tgoR0i986068R1R2R3y44:assets%2Fweek7%2Fvideos%2FstressCutscene.mp3R5aR40hR6tgoR32y44:assets%2Fweek7%2Fvideos%2FstressCutscene.txtR0i4R1R34R3R41R6tgoR32y45:assets%2Fweek7%2Fvideos%2FstressCutscene.webmR0i9939449R1R36R3R42R6tgoR0i986951R1R2R3y49:assets%2Fweek7%2Fvideos%2FstressCutsceneCLEAN.mp3R5aR43hR6tgoR32y49:assets%2Fweek7%2Fvideos%2FstressCutsceneCLEAN.txtR0i4R1R34R3R44R6tgoR32y50:assets%2Fweek7%2Fvideos%2FstressCutsceneCLEAN.webmR0i10048258R1R36R3R45R6tgoR0i338254R1R2R3y41:assets%2Fweek7%2Fvideos%2FughCutscene.mp3R5aR46hR6tgoR32y41:assets%2Fweek7%2Fvideos%2FughCutscene.txtR0i3R1R34R3R47R6tgoR32y42:assets%2Fweek7%2Fvideos%2FughCutscene.webmR0i3305391R1R36R3R48R6tgoR0i338168R1R2R3y46:assets%2Fweek7%2Fvideos%2FughCutsceneCLEAN.mp3R5aR49hR6tgoR32y46:assets%2Fweek7%2Fvideos%2FughCutsceneCLEAN.txtR0i3R1R34R3R50R6tgoR32y47:assets%2Fweek7%2Fvideos%2FughCutsceneCLEAN.webmR0i3281062R1R36R3R51R6tgoR32y37:assets%2Fweek7%2Fweek7_stuff_here.txtR0zR1R34R3R52R6tgh","rootPath":"../","version":2,"libraryArgs":[],"libraryType":null}