{"name":null,"assets":"aoy4:pathy52:assets%2Fweek8%2Fmeme_stuff_not_week8_stuff_here.txty4:sizezy4:typey4:TEXTy2:idR1y7:preloadtgoR2i124324R3y5:MUSICR5y40:assets%2Fweek8%2Fsounds%2FGameover-1.mp3y9:pathGroupaR8hR6tgoR2i119518R3R7R5y40:assets%2Fweek8%2Fsounds%2FGameover-2.mp3R9aR10hR6tgoR2i203488R3R7R5y40:assets%2Fweek8%2Fsounds%2FGameover-3.mp3R9aR11hR6tgoR2i101233R3R7R5y40:assets%2Fweek8%2Fsounds%2FGameover-4.mp3R9aR12hR6tgoR2i109145R3R7R5y40:assets%2Fweek8%2Fsounds%2FGameover-5.mp3R9aR13hR6tgoR2i209484R3R7R5y40:assets%2Fweek8%2Fsounds%2FGameover-6.mp3R9aR14hR6tgh","rootPath":"../","version":2,"libraryArgs":[],"libraryType":null}