{"name":null,"assets":"aoy4:pathy56:assets%2Fweek6%2Fimages%2Fweeb%2Fb-side%2FbfPortrait.pngy4:sizei6160y4:typey5:IMAGEy2:idR1y7:preloadtgoR0y56:assets%2Fweek6%2Fimages%2Fweeb%2Fb-side%2FbfPortrait.xmlR2i1126R3y4:TEXTR5R7R6tgoR0y57:assets%2Fweek6%2Fimages%2Fweeb%2Fb-side%2FsenpaiCrazy.pngR2i13202R3R4R5R9R6tgoR0y57:assets%2Fweek6%2Fimages%2Fweeb%2Fb-side%2FsenpaiCrazy.xmlR2i19805R3R8R5R10R6tgoR0y60:assets%2Fweek6%2Fimages%2Fweeb%2Fb-side%2FsenpaiPortrait.pngR2i8844R3R4R5R11R6tgoR0y60:assets%2Fweek6%2Fimages%2Fweeb%2Fb-side%2FsenpaiPortrait.xmlR2i1103R3R8R5R12R6tgoR0y63:assets%2Fweek6%2Fimages%2Fweeb%2Fb-side%2FspiritFaceForward.pngR2i1045R3R4R5R13R6tgoR0y47:assets%2Fweek6%2Fimages%2Fweeb%2FbfPortrait.pngR2i9778R3R4R5R14R6tgoR0y47:assets%2Fweek6%2Fimages%2Fweeb%2FbfPortrait.xmlR2i1126R3R8R5R15R6tgoR0y49:assets%2Fweek6%2Fimages%2Fweeb%2FpicoPortrait.pngR2i13594R3R4R5R16R6tgoR0y49:assets%2Fweek6%2Fimages%2Fweeb%2FpicoPortrait.xmlR2i1142R3R8R5R17R6tgoR0y48:assets%2Fweek6%2Fimages%2Fweeb%2FsenpaiCrazy.pngR2i14142R3R4R5R18R6tgoR0y48:assets%2Fweek6%2Fimages%2Fweeb%2FsenpaiCrazy.xmlR2i19805R3R8R5R19R6tgoR0y51:assets%2Fweek6%2Fimages%2Fweeb%2FsenpaiPortrait.pngR2i14440R3R4R5R20R6tgoR0y51:assets%2Fweek6%2Fimages%2Fweeb%2FsenpaiPortrait.xmlR2i1117R3R8R5R21R6tgoR0y54:assets%2Fweek6%2Fimages%2Fweeb%2FspiritFaceForward.pngR2i2014R3R4R5R22R6tgoR0y52:assets%2Fweek6%2Fimages%2Fweeb%2FtankmanPortrait.pngR2i7106R3R4R5R23R6tgoR0y52:assets%2Fweek6%2Fimages%2Fweeb%2FtankmanPortrait.xmlR2i1145R3R8R5R24R6tgoR2i1181760R3y5:MUSICR5y37:assets%2Fweek6%2Fmusic%2FLunchbox.mp3y9:pathGroupaR26hR6tgoR2i275451R3R25R5y42:assets%2Fweek6%2Fmusic%2FLunchboxScary.mp3R27aR28hR6tgoR0y37:assets%2Fweek6%2Fweek6_stuff_here.txtR2zR3R8R5R29R6tgh","rootPath":"../","version":2,"libraryArgs":[],"libraryType":null}